cluster,count,fraud_count,fraud_rate,lift
8,33833,6437,0.1902580320988384,15.713278747409662
1,79941,157,0.0019639484119538158,0.1622011354902018
6,60900,90,0.001477832512315271,0.12205316091954023
3,105169,153,0.0014548013197805438,0.12015103072198081
5,58664,83,0.001414837038047184,0.11685040844659605
0,64094,80,0.0012481667550784785,0.10308522551946273
7,87310,108,0.0012369717099988548,0.10216063452067346
4,54058,63,0.0011654149247104961,0.09625080931591994
2,50674,29,0.0005722855902435174,0.04726466947766332
